{
	"info": {
		"_postman_id": "b115ce88-4671-4e56-bd85-a79eaa2ba1ca",
		"name": "Repay SMS Service",
		"schema": "https://schema.getpostman.com/json/collection/v2.1.0/collection.json",
		"_exporter_id": "24468796"
	},
	"item": [
		{
			"name": "Merchant",
			"item": [
				{
					"name": "save merchant data",
					"request": {
						"method": "POST",
						"header": [],
						"body": {
							"mode": "raw",
							"raw": "{\r\n    \"merchantName\": \"Merchant One\",\r\n    \"merchantId\": \"merchant-one-id\",\r\n    \"provider\": \"PINPOINT\",\r\n    \"originationNumber\": \"+18507883964\",\r\n    \"senderId\": \"test-sender-id\",\r\n    \"originationUsage\": \"SENDER_ID_ORIGINATION_NUM\",\r\n    \"pinpointCredential\": {\r\n        \"acceessId\": \"this-is-access-id\",\r\n        \"secret\": \"this-is-secret\",\r\n        \"appId\": \"this-is-app-id\",\r\n        \"region\": \"us-east-1\"\r\n    },\r\n    \"twillioCredential\": {\r\n        \"authId\": \"this-is-auth-id\",\r\n        \"accountSid\": \"this-is-account-sid\"\r\n    }\r\n}",
							"options": {
								"raw": {
									"language": "json"
								}
							}
						},
						"url": {
							"raw": "http://localhost:8080/api/v1/merchant",
							"protocol": "http",
							"host": [
								"localhost"
							],
							"port": "8080",
							"path": [
								"api",
								"v1",
								"merchant"
							]
						}
					},
					"response": []
				},
				{
					"name": "get merchant list",
					"request": {
						"method": "GET",
						"header": [],
						"url": {
							"raw": "http://localhost:8080/api/v1/merchant",
							"protocol": "http",
							"host": [
								"localhost"
							],
							"port": "8080",
							"path": [
								"api",
								"v1",
								"merchant"
							]
						}
					},
					"response": []
				},
				{
					"name": "Get merchant by merchant id",
					"request": {
						"method": "GET",
						"header": [],
						"url": {
							"raw": "http://localhost:8080/api/v1/merchant/{merchant-one-id}",
							"protocol": "http",
							"host": [
								"localhost"
							],
							"port": "8080",
							"path": [
								"api",
								"v1",
								"merchant",
								"{merchant-one-id}"
							]
						}
					},
					"response": []
				}
			]
		},
		{
			"name": "Outbound SMS",
			"item": [
				{
					"name": "send sms request",
					"request": {
						"method": "POST",
						"header": [],
						"body": {
							"mode": "raw",
							"raw": "{\r\n    \"destinationNumber\": \"+919719653108\",\r\n    \"message\": \"Test P SMS Message\",\r\n    \"merchantId\": \"merchant-one-id\"\r\n}",
							"options": {
								"raw": {
									"language": "json"
								}
							}
						},
						"url": {
							"raw": "http://localhost:8080/api/v1/sms/send",
							"protocol": "http",
							"host": [
								"localhost"
							],
							"port": "8080",
							"path": [
								"api",
								"v1",
								"sms",
								"send"
							]
						}
					},
					"response": []
				}
			]
		}
	]
}